size;Jacobi;Gauss-Seidel;LU factorization
100;0.0011922;0.00083;0.0008462
500;0.0214149;0.0150154;0.0967305
1000;0.0822094;0.056994;0.79126
